id34_t1_px,id34_t1_py,id34_t1_pz,id34_t1_qx,id34_t1_qy,id34_t1_qz,id34_t1_qw,id34_t2_px,id34_t2_py,id34_t2_pz,id34_t2_qx,id34_t2_qy,id34_t2_qz,id34_t2_qw,id35_t2_px,id35_t2_py,id35_t2_pz,id35_t2_qx,id35_t2_qy,id35_t2_qz,id35_t2_qw
-0.717821240,0.748293519,-4.640444279,0.646271288,0.040090520,0.760315835,0.051439643,-0.717235863,0.735159755,-4.640453339,0.662627637,0.047992982,0.746069431,0.044740267,-0.694922686,0.576807916,-4.623661041,-0.551325381,-0.466760844,-0.427535117,0.543496430
-0.716965020,0.748199522,-4.640971661,0.665318906,0.049823981,0.744013608,0.036222413,-0.716376245,0.738224626,-4.650922298,0.637783885,0.105337366,0.749771237,0.141346365,-0.646167040,0.612179279,-4.725365639,-0.342837840,-0.370431989,-0.406369925,0.761646807
-0.717853487,0.747536302,-4.640997887,0.646318674,0.043885164,0.759677589,0.056888167,-0.716251493,0.739949703,-4.656388760,0.637218058,0.148787469,0.733660102,0.183189645,-0.678741395,0.653035760,-4.790452480,-0.132022873,-0.180458739,-0.517586112,0.825899065
-0.717576027,0.747766137,-4.641324997,0.639945328,0.047100935,0.764844358,0.057139073,-0.715621173,0.743131816,-4.658438206,0.636544883,0.167245358,0.731571019,0.177886054,-0.690641880,0.688648105,-4.813071728,-0.074004903,-0.087515123,-0.515056252,0.849459529
-0.717876315,0.747846007,-4.641639709,0.647794306,0.049673937,0.757918239,0.058779117,-0.716218710,0.745699167,-4.658390522,0.639545500,0.163123727,0.728407443,0.183833733,-0.676702738,0.720254421,-4.817231655,-0.002934233,-0.081380069,-0.498058558,0.863311350
-0.717805028,0.748772621,-4.642101288,0.663326025,0.068951897,0.743411064,0.050834984,-0.715658188,0.750022173,-4.658386707,0.633130610,0.168010175,0.736530602,0.168644696,-0.684834778,0.775404990,-4.819719315,0.090793043,-0.007792794,-0.425459802,0.900377691
-0.717711568,0.748306274,-4.641601562,0.647334039,0.051778998,0.758293986,0.057164401,-0.715950847,0.751889467,-4.657278538,0.634034038,0.158556640,0.739161253,0.162792638,-0.691155791,0.805503786,-4.813356400,0.184012771,0.094751097,-0.447168291,0.870173573
-0.717041135,0.749198079,-4.642225742,0.655789554,0.061575592,0.750766993,0.049974050,-0.715765715,0.754609883,-4.654898643,0.626280665,0.141296044,0.753220558,0.143062145,-0.693537295,0.838811576,-4.797048092,0.258897364,0.148198828,-0.453642160,0.839772642
-0.717366993,0.748964608,-4.641682625,0.637253284,0.051432673,0.766467571,0.061566290,-0.717699349,0.757703960,-4.650591850,0.639160395,0.112287365,0.752679050,0.111084685,-0.724445879,0.885226727,-4.757901192,0.377530277,0.254372537,-0.427408487,0.781080961
-0.717430532,0.749761045,-4.642246246,0.674864769,0.072250910,0.733649671,0.033099759,-0.717567980,0.759797573,-4.647681236,0.647551835,0.091875017,0.750965834,0.091026865,-0.705544412,0.908017516,-4.720365047,0.488668084,0.275695086,-0.353057265,0.748696387
-0.717071772,0.749610066,-4.641710281,0.648644388,0.050760530,0.757173181,0.058073882,-0.719043732,0.759887397,-4.635313988,0.655750036,0.022271117,0.754357100,-0.021006571,-0.720687211,0.915262461,-4.583629131,0.697477102,0.474242002,-0.224232778,0.488200665
-0.717746019,0.749473095,-4.640758038,0.645229161,0.042080231,0.760995924,0.052857250,-0.718481660,0.760268569,-4.638592720,0.646452010,0.032501034,0.762126148,0.014395197,-0.720771730,0.924944997,-4.631971359,0.630438507,0.381127685,-0.272219330,0.619019866
-0.717759311,0.749557197,-4.640773773,0.640699387,0.037193466,0.764886200,0.055407155,-0.720393658,0.760201037,-4.633234501,0.679844201,0.040168796,0.729532361,-0.063094236,-0.729295671,0.907373607,-4.563401699,0.738128960,0.454695344,-0.169771224,0.468610197
-0.717856586,0.749434829,-4.640438557,0.642594934,0.037568111,0.763539255,0.051654749,-0.718700171,0.757931471,-4.633893490,0.645901144,0.013138328,0.763235748,0.010502709,-0.740279853,0.874488592,-4.534615517,-0.714651823,-0.571898460,0.153267100,-0.372443467
-0.717572510,0.749621749,-4.640454292,0.645314395,0.042597216,0.761114478,0.049593724,-0.719438553,0.754523695,-4.627648354,0.643583715,-0.035411529,0.763260782,-0.044485956,-0.715204477,0.826223314,-4.490141869,-0.766890407,-0.608119071,0.094475612,-0.182056814
-0.717848182,0.749422193,-4.639945030,0.642544091,0.034521241,0.763833702,0.050034568,-0.719847441,0.751855135,-4.624797344,0.644974709,-0.060223173,0.758012652,-0.076141804,-0.729201138,0.797946572,-4.466303349,-0.784576535,-0.608708024,0.060239092,-0.101417080
-0.717841923,0.748914719,-4.639751911,0.645002604,0.033047874,0.762102664,0.045596220,-0.720032394,0.747370064,-4.622632027,0.643403888,-0.077203445,0.755692482,-0.094868079,-0.732877970,0.730985522,-4.458637714,-0.790176511,-0.606963217,-0.060031872,0.060107097
-0.717704237,0.748810649,-4.639400959,0.644873917,0.027993167,0.762360096,0.046487894,-0.719855607,0.744726062,-4.623628139,0.645630777,-0.075159445,0.754778266,-0.088440694,-0.720076680,0.688418150,-4.467597485,-0.819862008,-0.531291902,-0.139350832,0.161667988
-0.717683613,0.748891652,-4.639779568,0.662500918,0.043797415,0.747383773,0.024327073,-0.719486356,0.740815997,-4.625484467,0.646645069,-0.070725039,0.756112039,-0.071712732,-0.707051635,0.637664497,-4.497677803,-0.769844294,-0.521196246,-0.207144529,0.304606915
-0.717726231,0.748482466,-4.639628410,0.661284268,0.041497998,0.748618543,0.023480535,-0.718785703,0.737686992,-4.629415035,0.655688584,-0.043736923,0.751939058,-0.052414425,-0.708880007,0.603226483,-4.537167549,-0.743587971,-0.499942839,-0.260836273,0.359302819
-0.717686117,0.748261631,-4.639673233,0.660610735,0.041550044,0.749215961,0.023291742,-0.718365729,0.735461056,-4.633451462,0.628079236,-0.045126114,0.776718199,0.013749459,-0.718673944,0.579787135,-4.588705540,-0.639314055,-0.452567488,-0.405730575,0.471002042
-0.717623115,0.748109818,-4.640093803,0.661298990,0.044908680,0.748397171,0.023843486,-0.716935992,0.735557556,-4.643684864,0.636194110,0.039292511,0.766022325,0.083204210,-0.725615740,0.581702054,-4.689603329,-0.503702819,-0.256454915,-0.460278928,0.684585750
-0.717618227,0.747874498,-4.641210556,0.666284204,0.054711744,0.743031979,0.031231735,-0.716214001,0.737560093,-4.650418282,0.662711918,0.104999833,0.734179556,0.103770420,-0.687399089,0.607280195,-4.735219955,-0.310782880,-0.282685488,-0.504744768,0.754145682
-0.717882752,0.747265816,-4.640717983,0.639059544,0.032302521,0.766489804,0.055254281,-0.716125548,0.738690078,-4.653408051,0.642882764,0.126245111,0.740973234,0.147385836,-0.706259608,0.627486229,-4.766192436,-0.256674647,-0.169781849,-0.552253067,0.774795949
-0.717460096,0.747612357,-4.641300678,0.645627975,0.042696189,0.760188997,0.058773093,-0.715631902,0.742522717,-4.657920361,0.641569793,0.158853635,0.731906593,0.165730491,-0.708572328,0.684285760,-4.803086281,-0.080094159,-0.063173994,-0.537747025,0.836912274
-0.717712224,0.747984290,-4.641546726,0.647048891,0.046375763,0.758810699,0.058167025,-0.719506443,0.741669238,-4.625778675,0.646533608,-0.066689253,0.756804228,-0.069240309,-0.661864758,0.669723451,-4.491017342,-0.776067436,-0.571422100,-0.082108423,0.253878623
-0.717725396,0.748213530,-4.640327454,0.664773405,0.047926482,0.745087087,0.024993131,-0.718765378,0.744011641,-4.629174709,0.672353268,-0.019317115,0.735909402,-0.077494167,-0.628252745,0.684221148,-4.508576870,-0.711762905,-0.625342250,0.006663415,0.319837779
-0.717573524,0.748198330,-4.640222073,0.664863408,0.044147030,0.745144129,0.027711105,-0.719545603,0.751210690,-4.625799656,0.645986497,-0.055626448,0.758429110,-0.066276930,-0.664735436,0.793904424,-4.477326393,-0.791841328,-0.599179149,0.113121971,-0.034282792
-0.717702866,0.748569310,-4.640089035,0.663238168,0.045162652,0.746619344,0.025200263,-0.718097985,0.739310920,-4.636455059,0.647217453,-0.004655561,0.762126803,0.015839148,-0.605681062,0.635906219,-4.595182896,-0.407578021,-0.664362848,-0.176968202,0.600986302
-0.717705309,0.748296440,-4.640382767,0.664909780,0.048246443,0.744925439,0.025561070,-0.716590941,0.738411427,-4.647211075,0.641153038,0.073949903,0.756527185,0.105455242,-0.626166523,0.622173607,-4.700396538,-0.283752650,-0.458298236,-0.351940781,0.765235126
-0.717643857,0.748137832,-4.641269684,0.667631626,0.056311283,0.741760492,0.029807175,-0.715651989,0.744002044,-4.656095028,0.654983819,0.155141369,0.723380506,0.153779536,-0.623610198,0.692477822,-4.778916359,-0.067527726,-0.274994373,-0.382053524,0.879689276
-0.717789531,0.748015285,-4.641321182,0.646743119,0.044085905,0.759329438,0.056556467,-0.716033101,0.746763527,-4.655837059,0.637779593,0.140952140,0.740588307,0.157793134,-0.623747826,0.739922464,-4.788608551,0.134977236,-0.218801767,-0.401844501,0.878878772
-0.717900753,0.748030841,-4.641551495,0.651904285,0.048471615,0.754583895,0.057222422,-0.715811610,0.750322402,-4.656788349,0.627474904,0.150380835,0.747132897,0.159540772,-0.662445128,0.783399940,-4.809325218,0.189294323,-0.031382974,-0.487562686,0.851742625
-0.717900157,0.748510778,-4.641583920,0.646330893,0.047826041,0.759158850,0.060391616,-0.716329992,0.755267680,-4.653266430,0.646318793,0.135274261,0.741804302,0.117044345,-0.657487035,0.849483490,-4.772871017,0.381143183,0.044336766,-0.479623795,0.789129496
-0.717794657,0.748840928,-4.641471863,0.647995830,0.047620218,0.757972300,0.057547014,-0.716263235,0.753557086,-4.654913425,0.665455282,0.159609333,0.719182730,0.120292634,-0.641583502,0.817296684,-4.784403324,0.282697856,-0.060047284,-0.467030495,0.835678637
-0.717896283,0.748834312,-4.641457081,0.646750689,0.046451438,0.759013712,0.058770694,-0.717038393,0.757808864,-4.646267414,0.657113969,0.088738978,0.745480299,0.067718640,-0.642734170,0.891260624,-4.698314190,0.583168566,0.165583864,-0.484543592,0.630645633
-0.717888236,0.749095321,-4.641287327,0.647499204,0.047120374,0.758574724,0.055577785,-0.718747854,0.746647656,-4.630476952,0.675452590,-0.000612977,0.734905958,-0.060635462,-0.625225842,0.711543202,-4.512002468,-0.723738372,-0.624107599,0.109519437,0.273309588
-0.717910886,0.748378038,-4.640122414,0.645769536,0.035806626,0.761304498,0.045989215,-0.719057798,0.749550164,-4.629080772,0.642865777,-0.036368892,0.764582992,-0.028527839,-0.624764025,0.769753575,-4.510230541,-0.772793770,-0.584256470,0.238133758,0.068749435
-0.718033552,0.748113871,-4.639993668,0.652139664,0.039158430,0.756222665,0.036164645,-0.718868315,0.755834579,-4.631109238,0.643521070,-0.013673048,0.765104532,-0.017570317,-0.658021986,0.848159194,-4.525870800,-0.754096150,-0.559634566,0.301248878,-0.165521130
-0.717603862,0.749454796,-4.641269207,0.670832813,0.057719111,0.738919199,0.025500616,-0.715982318,0.745220065,-4.657608509,0.644146800,0.159615532,0.729393899,0.166079715,-0.737141430,0.708816409,-4.817845821,0.059041575,-0.031245392,0.483163476,-0.872978210
-0.718397975,0.748215437,-4.640901566,0.651773155,0.048078991,0.755425870,0.047031023,-0.715682089,0.745479882,-4.657985210,0.628201544,0.157564834,0.742034078,0.172978908,-0.671819568,0.707385540,-4.812946320,0.074986503,0.133286715,0.427668244,-0.890904903
-0.718453348,0.748202860,-4.641040325,0.642706871,0.043781959,0.762631595,0.058345027,-0.716504037,0.744389296,-4.652465343,0.630349874,0.119418785,0.750918567,0.156587124,-0.592809856,0.704424858,-4.748061180,0.012854915,0.392688125,0.350908279,-0.849996626
-0.717603803,0.748666763,-4.641430378,0.638502896,0.044599008,0.765994430,0.059812315,-0.717185616,0.743947923,-4.646798134,0.646072805,0.083776213,0.750839412,0.108682029,-0.570800424,0.692706764,-4.682140827,0.170593321,0.571346343,0.171970755,-0.784147561
-0.717170894,0.748459399,-4.641484737,0.646137774,0.046523470,0.759349346,0.061075553,-0.716998219,0.741304934,-4.643101215,0.651886344,0.061749723,0.751243711,0.082849853,-0.588208556,0.650030911,-4.650117874,0.385503590,0.546607673,0.092445634,-0.737604797
-0.717137098,0.748061955,-4.641148090,0.641441703,0.039751619,0.763802230,0.059820242,-0.716965377,0.739803195,-4.640130997,0.639250159,0.028347522,0.765976906,0.061927386,-0.607989669,0.627782226,-4.618366241,0.488987684,0.564849019,0.166114643,-0.643616855
-0.717700481,0.747891307,-4.640979290,0.647393048,0.040502675,0.758892477,0.057654016,-0.717717290,0.741113245,-4.634462357,0.644628704,-0.006065142,0.764314413,0.015507731,-0.617304325,0.647411406,-4.559195518,0.588576794,0.629980505,0.108289108,-0.494949907
-0.717360854,0.747970164,-4.640431881,0.642736912,0.035795923,0.763379991,0.053468239,-0.715590656,0.748745799,-4.658055305,0.631279111,0.163018033,0.738946557,0.169911623,-0.640585840,0.751542747,-4.804027081,-0.080220439,0.174190447,0.406558901,-0.893270552
-0.718076348,0.748431921,-4.641422749,0.637583017,0.046115074,0.766773999,0.058472864,-0.716199577,0.743147314,-4.652077675,0.654266298,0.127616733,0.732551038,0.137907729,-0.595182717,0.677200377,-4.734529972,0.147499233,0.423911691,0.263477087,-0.853886843
-0.716985285,0.748687029,-4.641640186,0.641567171,0.045150414,0.763274670,0.061357789,-0.716733873,0.745006919,-4.646812916,0.643476069,0.081395835,0.753279626,0.109009229,-0.567852616,0.705389917,-4.685433865,0.156226292,0.555106997,0.135806054,-0.805609286
-0.717154443,0.748527288,-4.641544342,0.646017611,0.047213823,0.759355307,0.061738193,-0.718271852,0.744242966,-4.637251854,0.649594545,0.013504748,0.759306252,0.036034953,-0.574467897,0.702275991,-4.588956356,0.309572339,0.720126748,0.015756316,-0.620752931
-0.717513263,0.748214781,-4.640874863,0.644508123,0.039979599,0.761659861,0.053714409,-0.718525410,0.749485254,-4.637972355,0.638132930,0.016873697,0.768562913,0.042576093,-0.569400668,0.786592424,-4.599003792,0.231884226,0.738134921,-0.230104253,-0.590286911
-0.718398213,0.747980118,-4.640731335,0.653459847,0.047971632,0.754105806,0.044870201,-0.718223512,0.754552484,-4.643301964,0.644021809,0.064102851,0.759677052,0.063383602,-0.586220980,0.843356311,-4.665862560,0.063512698,0.650036693,-0.338606328,-0.677321315
-0.717192590,0.748995185,-4.640987396,0.645916641,0.043134820,0.760118961,0.056126684,-0.718892813,0.752406299,-4.634747505,0.657280266,0.011640942,0.753525734,-0.006793115,-0.592061341,0.828054786,-4.578283310,0.201741382,0.781705141,-0.311639577,-0.501116991
-0.717302740,0.748708546,-4.640377522,0.642204583,0.038128804,0.763667285,0.054144919,-0.719018042,0.748041391,-4.631094456,0.657946706,-0.021117732,0.752319217,-0.026003467,-0.602393687,0.760533333,-4.522907257,0.273264259,0.850500464,-0.128262654,-0.430725366
