Fx_N,Fy_N,Fz_N,Mx_Nm,My_Nm,Mz_Nm,ux_m,uy_m,uz_m,theta_x_rad,theta_y_rad,theta_z_rad
4.969575021113946,-0.5426911715582728,-0.09386374077902193,-0.003119623583538881,0.0,-0.16516711679466417,6.884785267019695e-05,-0.019346698357572505,-0.0011918213616547249,0.014730360112125413,0.0074834470781018755,-0.010457901484364474
2.0625802082654103,-0.9987704617865738,-4.443896989032762,-0.14769585928225015,0.0,-0.06855121911019535,-0.0023655424891413186,-0.021033729150660783,-0.04135077494302487,-0.6367777906340282,0.04588649974457553,0.013250659009767194
4.26728802436841,-0.9480598028436871,-2.42722795124684,-0.08067052832638347,0.0,-0.14182614338707425,-0.00043316659345798384,-0.020973972202126205,-0.019541046368483236,-0.31726648141879427,0.05705867300788608,0.020009465385701558
1.7167615828135276,-4.608366097966779,-0.903156450946355,-0.030017002738369707,0.0,-0.05705770808418046,-0.0016904438738197744,-0.08841546693809936,-0.009907065924874801,-0.11942083012087691,0.03832310972548988,-0.046837274456832
1.8155035602305798,-4.178770375117609,2.0595691235861766,0.06845114371687085,0.0,-0.060339463092865815,0.000952511331534282,-0.07445570002416817,0.019621820427828507,0.344393962880513,-0.020655019619565833,-0.02116512625793774
2.6848031846893354,0.3724916951552507,4.201557068102536,0.1396415315270128,0.0,-0.08923121178214372,0.000981701409528315,0.01575473531832425,0.04027343316988124,0.5003244748172095,-0.00955292923281766,0.008279942024845893
4.489767397045137,-0.16128877711464726,2.1945329003702367,0.0729367542144351,0.0,-0.14922039266899045,0.0003413628599151775,-0.004089346145070529,0.02035525984629137,0.28250438414221796,-0.05369047080705024,-0.031340111133575405
3.7219537625748416,1.3143410995439444,3.069131418382829,0.10200461514002507,0.0,-0.1237015980633575,0.0011812577058252674,0.022523166945445545,0.028828272502501178,0.35006977049732046,-0.007735021106547255,0.012845454656290016
1.905858300428876,-0.6239493383898959,4.580217392418089,0.15222655816329717,0.0,-0.06334246271836264,0.001215922729039067,-0.003514152782939436,0.043082176185921264,0.5997949187785799,-0.03263551871246255,0.022120644386354544
-0.35013228969659255,4.945003829684643,0.6514173041269674,0.02165028548632049,-0.0,0.011636878513796425,0.0004350527382855655,0.08366404367128545,0.00830848153495548,0.1635448183688034,-0.024324439092450977,0.05007678085336102
2.9241920362805125,3.8783809956138895,1.1862806530558738,0.03942682308689862,0.0,-0.09718745879363115,2.3188330154198192e-05,0.06202703995061863,0.014121584505427984,0.22407955641228303,0.003221075650938087,0.07122403122792578
4.458658655763441,2.0053530690617785,1.048294834381167,0.034840773025832425,0.0,-0.14818647305156266,0.00014820551256609162,0.022545573096702593,0.009650805415805317,0.18733944673357292,-0.01275048210084973,0.006848471548595455
4.594499028519738,-1.3774608097680425,-1.4118004088695955,-0.04692212151578515,0.0,-0.1527012177967664,-0.0005609259884603877,-0.03136976083452359,-0.009778707436644437,-0.17098960846309488,0.021639460859006903,-0.019401401457151086
4.285938257000765,-2.0486257718936036,1.5600851591854135,0.051850463390135285,0.0,-0.14244599621922754,0.00017747841448187852,-0.03904878878862503,0.013624117425965712,0.21923767012115444,-0.03111614536648381,-0.02971622934501346
1.8766849280638744,-3.538854178629682,2.992417882444417,0.09945498997162765,0.0,-0.0623728663685274,-0.0011536215235476498,-0.0613044337196806,0.02889531808655345,0.39616739259683476,-0.04794557273501283,-0.06870696514455304
0.7591603809097278,2.39652680579863,4.322075286843765,0.14364703433683967,0.0,-0.025231197993162115,0.0015047691288400085,0.044644346202413594,0.040348844941505174,0.7683914879385263,-0.01915258300008789,0.0739596215302284
4.195970724841446,-1.1169047059259534,-2.479184050076562,-0.08239732367752403,0.0,-0.1394558657093243,-0.0007145838381864563,-0.027532159311130056,-0.01816504761909675,-0.3512059528512446,0.057389506567859724,0.00820142946651648
3.5934728103549465,-2.428506626649679,2.4878321337176916,0.08268474846429871,0.0,-0.11943144853326017,-0.0013947406601933017,-0.04307528110273972,0.024283244789449418,0.36067935956948155,-0.036682839217965606,-0.0494685076719385
-0.9615189863249255,0.19651987638640728,-4.90274017026415,-0.1629458162670815,0.0,0.031956720250702245,-0.0025102276185539306,0.0057824796840977985,-0.04615285252375109,-0.7369530130960585,0.05577529518411664,0.043700764767514874
-1.0294933146865397,2.837546249868311,-3.986034971606997,-0.13247851192624815,0.0,0.03421589206797868,-0.0014578694390945932,0.05053566873890706,-0.03193474494217631,-0.5458162000117027,0.03471687887838291,0.06090837699338925
-1.5840319641907739,4.196627267835721,-2.2088825933669747,-0.07341367576388151,0.0,0.05264635131261861,-0.0014412118367220978,0.06945230941027176,-0.0146305276590464,-0.23889754791632678,0.02720186816766259,0.09073767374889001
0.7608904176108064,-3.684666202228167,-3.2930655551545693,-0.10944721447001762,0.0,-0.025288696908592926,-0.003422467295362383,-0.07213264578601275,-0.03331161213039552,-0.5034533510878141,0.07848223582326876,-0.051059172022603884
1.042233857743426,-4.763652097644072,1.105154866244773,0.03673055383885241,0.0,-0.03463933245355767,-0.0008144524668811965,-0.08689597730320357,0.010330022467353515,0.18294522703607544,-0.010661981505874695,-0.04806780542624835
2.6261529158918067,-2.276149376780985,3.594783008323659,0.11947499383039385,0.0,-0.08728193125908834,0.0019343298380901702,-0.03590252925984635,0.03428476263529589,0.48314107907480314,-0.02181206165476999,-0.0014085392116094933
4.0357567847219595,-2.308635662750576,1.8392576087233923,0.06112894462500678,0.0,-0.13413104931206282,-0.0010204005734113192,-0.042146317981703436,0.015023487576811718,0.37020277989662687,-0.03285667958699226,-0.054616551333540535
2.7338538844925067,-1.5257357877035278,-3.8984834544173617,-0.12956867927380353,0.0,-0.09086144427261418,-0.0020053968321430303,-0.026370516413891463,-0.03795694348900922,-0.4750273841727156,0.05439732303841487,0.000760386242244031
4.4136519511505306,2.303242484512681,-0.46341181646669405,-0.015401798602333035,0.0,-0.146690645419268,0.0007050987713629019,0.03245197382583151,-0.0013201468388153522,-0.10214512099927976,0.007458598166135722,0.04083581374506967
2.3775555677952585,-1.016327543617906,-4.279521917940058,-0.14223274494149626,0.0,-0.07901963376816475,-0.0014444807760647456,-0.02205186208168808,-0.037765514864555386,-0.5637310528979814,0.04699513023187332,0.023164502463094226
4.765351438573144,-1.1572156799558442,0.9758470868702793,0.03243292416072787,0.0,-0.15837961078732343,0.0011198104346425912,-0.01916380097216762,0.0076900758675450785,0.21378980407529685,0.0012400168128721156,0.005746284959068434
0.6840946330834216,-4.850813321049626,1.0008119989858026,0.033262649547231626,0.0,-0.022736338153874047,-0.004245830422630317,-0.0904028162862242,0.004118318798632009,0.29595070067026824,-0.017273199667075426,-0.0887785101168567
0.8797300986757867,-3.322991950065683,3.6309502135505176,0.12067703484687137,0.0,-0.029238412407183077,-0.0004351488843168359,-0.05649488056456577,0.031055910233012164,0.5919828260584192,-0.03218413998321301,-0.022871291978983396
0.30709459933117844,1.3397786622260595,4.807357490691259,0.15977570974685182,0.0,-0.010206492373944255,0.0013741216773250284,0.02620332587243298,0.04346252388240773,0.599024273498536,-0.029212646919107504,0.04567428077845142
-0.11632190623835618,3.307238021220474,3.748152329498197,0.1245723247843544,-0.0,0.0038660355848983636,0.0012089921195473827,0.05770714787038372,0.03402713023448722,0.6221321593853011,-0.009521612497911525,0.05253529202151956
0.2489127635444252,4.166985438107193,-2.7521400390872675,-0.09146919673008712,0.0,-0.008272780532209227,-0.0009305075110774023,0.0711258594854591,-0.023799618567940738,-0.37684221365990983,0.019530670552897103,0.07349134607948639
4.648203398839174,1.3994569356502797,1.198217613073801,0.03982355585802645,0.0,-0.15448611810861357,0.00011844719534165392,0.013417061429545407,0.010476785651859005,0.15884072318340176,-0.013581395302756512,0.01322827929542791
0.23410394307433066,-1.0317655506806789,-4.886783726774253,-0.16241549330096747,0.0,-0.007780599577140949,-0.001864430580952728,-0.020272815515393075,-0.045625632550250234,-0.644593618705646,0.038658527852657006,0.029087320041957677
-0.20412844434670083,-1.7160720489026304,-4.691847003173028,-0.15593664220045714,0.0,0.006784344026457065,-0.0035394939682043534,-0.032948431001032,-0.04327735574971159,-0.5776683637576712,0.06332948213052882,0.011053413122443052
0.3189134374331417,1.5376087348847105,-4.747004697473009,-0.1577698446972226,0.0,-0.010599299284971957,-0.0007844786158436824,0.028247808208489045,-0.040907714676687766,-0.5806238809415643,0.03286565132453296,0.07342935260031738
0.39664340910352786,2.5801451003550153,-4.264448999241141,-0.1417317865069011,0.0,-0.013182706368028896,-0.0005125659119943702,0.04603985735390697,-0.03825830060155102,-0.5465426450748928,0.018015407858766805,0.06612916084038087
0.36301060833576726,3.635377033957638,-3.4135402618409327,-0.11345127112788636,0.0,-0.012064897962090955,0.0001036571348026166,0.05777956442946249,-0.02458708807486989,-0.40976804084617563,0.06780628186911547,0.1158770145470299
0.542715567566566,-4.63437124608877,1.7966810975091039,0.05971388607964581,0.0,-0.018037511286922207,-0.001693229911796627,-0.08766013434408104,0.011858282869095106,0.47116048054399146,-0.02007360502957759,-0.06654059312709212
-0.7595599608040833,4.032879228392058,-2.856388243069767,-0.09493395482502617,0.0,0.0252444782955621,-0.0013641939019321554,0.07410112373066763,-0.020201161121857145,-0.29433850849072846,0.025357549083373846,0.08458649519690312
0.16029844638029456,-1.4490637005430291,4.782731311693831,0.1589572423798449,0.0,-0.005327625018801434,-0.000700976859365837,-0.02134244316077617,0.043287956795011184,0.7064323885075993,-0.032397383755339994,0.022338491856767638
2.9370287391244823,-1.0580137330592279,-3.9056970090132346,-0.12980842653778066,0.0,-0.0976140951134131,-0.0014904547649516467,-0.01787969494445258,-0.03805293473480763,-0.5150737295545831,0.046827222927071095,0.007516169250991975
2.074570266826416,2.5843529208033016,3.7439655699185077,0.12443317505715404,0.0,-0.06894971664656549,0.001625040986294751,0.04279303234850904,0.03590954403807656,0.6925034883870832,-0.002526027737850275,0.07319078848058949
-0.22952168461231817,4.539830101795957,2.082609527280627,0.06921690679154609,-0.0,0.007628305182678038,0.0003229254956727567,0.07305406195630684,0.019488030214127018,0.34289100019824365,-5.063639116259197e-05,0.05299136641666491
4.580607616480079,0.16758069639481338,-1.9974860635409994,-0.06638777210342584,0.0,-0.15223952751841283,-0.0007751417611318132,0.004064166839487526,-0.019993478706339534,-0.3342458715161635,0.014021826851905415,0.016036243375742224
0.08255303733162328,3.9950087276845587,-3.005509983638642,-0.09989011462471103,0.0,-0.0027437048642541986,0.0013128940737178198,0.06519072042724149,-0.021845250069992515,-0.37711356179827193,0.058008366935881676,0.08600295713807742
3.0760977874037128,-3.0242832628135488,2.528108610917623,0.0840233638560566,0.0,-0.10223614702772543,-0.0020693725422310325,-0.05172520107611399,0.021868962999726696,0.3646681466611372,0.011259591569320942,-0.03484596498401532
3.3497976087313615,-0.8871305466998993,-3.6044216420460025,-0.11979534020508294,0.0,-0.11133274183992516,-0.00028461257359788035,-0.015159256105602653,-0.03241437099836821,-0.5058098110638148,0.030897066293178038,0.01169707165768283
