stamp_sec,state,message,requested_mode,tag_fresh,command_source,open_loop_step,tag_id,tag_margin,tag_x_camera_m,tag_y_camera_m,tag_z_camera_m,tag_range_m,tag_bearing_rad,tag_rotation_camera_tag_00,tag_rotation_camera_tag_01,tag_rotation_camera_tag_02,tag_rotation_camera_tag_10,tag_rotation_camera_tag_11,tag_rotation_camera_tag_12,tag_rotation_camera_tag_20,tag_rotation_camera_tag_21,tag_rotation_camera_tag_22,mpc_x_tag_m,mpc_y_tag_m,mpc_theta_tag_rad,odom_x,odom_y,odom_yaw,odom_mpc_x_tag_m,odom_mpc_y_tag_m,odom_mpc_theta_tag_rad,tag_minus_odom_x_m,tag_minus_odom_y_m,tag_minus_odom_theta_rad,cmd_vx_body_mps,cmd_vy_body_mps,cmd_omega_radps,cmd_xdot_tag_mps,cmd_ydot_tag_mps,cmd_thetadot_radps,cmd_heading,cmd_lateral,cmd_turning,range_error_m,lateral_error_m,yaw_error_rad,solver_status,solve_time_ms,target_reached,mpc_predicted_states_json,mpc_predicted_controls_json
1782764149.8043666,TRACKING,MPC tracking AprilTag,,True,fresh_solve,0,11,85.38706970214844,0.14246905584712274,-0.08438133997287296,1.2805250947233497,1.291186338460035,0.11080262098097225,0.441060434583985,-0.14832755764508412,0.8851353730857392,0.01627548600470921,0.9874078252247731,0.15735595076194125,-0.8973298176255466,-0.054997475650507936,0.43792062759383116,0.6741818842683628,-1.0890243388736414,-1.116885073006421,-29.63422684205448,-1.3582000490647694,2.834107179323751,0.6725960276005564,-1.0932679746599123,-1.1182576006056528,0.0015858566678064179,0.004243635786270961,0.0013725275992317876,0.05649913093866004,0.02103161874609761,0.054400385106123654,-0.005872034051669656,0.06000000000000907,0.054400385106123654,0.10449393105455185,0.1,-0.09036846982947086,0.17418188426836279,-1.0890243388736414,-1.116885073006421,optimal,104.37419400000181,False,"[[0.6741818842683628,-1.0890243388736265,-1.116885073006421],[0.6730074774580289,-1.0770243388736096,-1.1060049959851963],[0.6708936154562151,-1.0530243388735918,-1.0864215082281425],[0.6680282771222013,-1.0170243388735731,-1.059876105483864],[0.6645618674986575,-0.9770243388735576,-1.0277621877516034],[0.6606147380637774,-0.9370243388735421,-0.991194729281205],[0.6562832043051875,-0.8970243388735265,-0.9510660272856055],[0.6516443614943291,-0.8570243388735109,-0.9080903168014821],[0.64675993945003,-0.8170243388734955,-0.8628394824410852],[0.6416793890294459,-0.7770243388734799,-0.8157716526228521],[0.6364423546709181,-0.7370243388734643,-0.767254105992328],[0.6310806566158913,-0.6970243388734488,-0.7175816353544436],[0.6256198819209845,-0.6570243388734333,-0.6669912873137617],[0.6200806638108232,-0.6170243388734177,-0.615674214604705],[0.61447971333927,-0.5770243388734022,-0.5637852337282774],[0.608830654942118,-0.5370243388733866,-0.5114505657771147],[0.6031447076588803,-0.4970243388733711,-0.45877414749011547],[0.5974312460847655,-0.4570243388733556,-0.40584282808938676],[0.5916982691004388,-0.41702433887334,-0.35273071174134907],[0.5859527998160544,-0.3770243388733245,-0.29950286276505733],[0.5802012367267639,-0.3370243388733089,-0.24621855884815386]]","[[-0.0058720340516696555,0.06000000000000907,0.054400385106123654],[-0.010569310009069322,0.12000000000001514,0.09791743878526894],[-0.014326691670068982,0.18000000000001823,0.13272701372139317],[-0.017332048117718615,0.20000000000000293,0.16056958866130247],[-0.019735647174400704,0.200000000000003,0.18283729235199236],[-0.021657668792949353,0.200000000000003,0.20064350997799732],[-0.023194214054291992,0.200000000000003,0.2148785524206176],[-0.02442211022149576,0.200000000000003,0.2262541718019842],[-0.025402752102920836,0.200000000000003,0.2353391490911655],[-0.02618517179263848,0.200000000000003,0.2425877331526205],[-0.026808490275134576,0.200000000000003,0.24836235318942199],[-0.027303873474533922,0.200000000000003,0.25295174020341005],[-0.02769609055080649,0.200000000000003,0.256585363545284],[-0.028004752357765915,0.200000000000003,0.2594449043821377],[-0.02824529198576016,0.200000000000003,0.26167333975581375],[-0.028429736416188945,0.200000000000003,0.26338209143499597],[-0.028567307870573707,0.200000000000003,0.26465659700364347],[-0.028664884921633688,0.200000000000003,0.2655605817401887],[-0.028727346421921887,0.200000000000003,0.26613924488145885],[-0.028757815446452714,0.200000000000003,0.2664215195845174]]"
1782764149.9875252,TRACKING,MPC tracking AprilTag,,True,fresh_solve,0,11,87.55636596679688,0.1409704784913035,-0.08471815148380725,1.2834244969181534,1.2939197348701794,0.10940076843470818,0.46094696921669265,-0.1764159244122412,0.8697156507639262,0.04277719475517164,0.98331896635349,0.1767877880917735,-0.8863960757916426,-0.0442857993410766,0.46080447567042837,0.6746654461408232,-1.0870431098034328,-1.1164342074145797,-29.63423530633951,-1.358200495421674,2.8341163516803127,0.6725952457987974,-1.0932595347463154,-1.1182667729622147,0.002070200342025874,0.006216424942882659,0.0018325655476350011,0.11244471117049985,0.043208618252101205,0.09585838022082956,-0.010526051561221716,0.12000000000001437,0.09585838022082956,0.1733069947397148,0.1,-0.14094722386941205,0.17466544614082324,-1.0870431098034328,-1.1164342074145797,optimal,89.82055100000252,False,"[[0.6746654461408232,-1.0870431098034197,-1.1164342074145797],[0.6725602358285789,-1.0630431098034037,-1.0972625313704139],[0.6697104383984612,-1.027043109803387,-1.0714580721379785],[0.6662650408786134,-0.9870431098033734,-1.0403480063925319],[0.6623432502926924,-0.9470431098033597,-1.004994230483682],[0.6580404540110513,-0.907043109803346,-0.9662464552528661],[0.6534329891192573,-0.8670431098033323,-0.9247846915754236],[0.64858195927237,-0.8270431098033186,-0.8811532509043624],[0.6435362898776942,-0.7870431098033049,-0.8357879608430093],[0.6383351743651453,-0.7470431098032912,-0.7890379565251768],[0.6330100338587451,-0.7070431098032776,-0.7411831373718535],[0.6275860882328229,-0.6670431098032639,-0.692448162062253],[0.6220836171057317,-0.6270431098032502,-0.6430136814677754],[0.6165189738207663,-0.5870431098032365,-0.5930253711955769],[0.6109054031133274,-0.5470431098032228,-0.5426012153689276],[0.6052537033476926,-0.5070431098032091,-0.491837405833375],[0.5995727664352292,-0.46704310980319547,-0.4408131517490216],[0.5938700224299633,-0.4270431098031818,-0.3895946400485297],[0.5881518110312808,-0.3870431098031681,-0.33823834478375475],[0.5824236985688969,-0.3470431098031544,-0.2867938508283381],[0.5766907563193414,-0.30704310980314076,-0.23530633312138882]]","[[-0.010526051561221715,0.12000000000001437,0.09585838022082956],[-0.01424898715058873,0.18000000000001706,0.12902229616217675],[-0.017226987599239053,0.20000000000000262,0.15555032872723257],[-0.0196089529296052,0.20000000000000265,0.17676887954424983],[-0.021513981408205474,0.20000000000000265,0.19373887615407936],[-0.023037324458969895,0.20000000000000265,0.20730881838721268],[-0.024255149234436675,0.20000000000000265,0.21815720335530644],[-0.02522834697337916,0.20000000000000265,0.22682645030676532],[-0.02600557756274447,0.20000000000000265,0.23375002158916222],[-0.026625702532000875,0.20000000000000265,0.23927409576661704],[-0.027119728129611193,0.20000000000000265,0.24367487654800254],[-0.027512355635455937,0.20000000000000265,0.247172402972388],[-0.02782321642482735,0.20000000000000265,0.24994155136099264],[-0.028067853537194005,0.20000000000000265,0.2521207791332467],[-0.02825849882817423,0.20000000000000265,0.2538190476777629],[-0.02840468456231704,0.20000000000000265,0.2551212704217671],[-0.028513720026329577,0.20000000000000265,0.2560925585024595],[-0.02859105699341247,0.20000000000000265,0.2567814763238747],[-0.028640562311919863,0.20000000000000265,0.25722246977708346],[-0.028664711247777128,0.20000000000000265,0.2574375885347463]]"
1782764150.2286577,TRACKING,MPC tracking AprilTag,,True,fresh_solve,0,11,90.58761596679688,0.12285051649079633,-0.0824642668309834,1.2757905498186208,1.2843419060797345,0.09599765892156223,0.4806347280821834,-0.2060576034563278,0.8523675980580213,0.04121771412507143,0.9762346996349229,0.21276022013293697,-0.8759516871401468,-0.06712730656407032,0.47770552279598333,0.6866376281307358,-1.083020805350595,-1.1053801169843633,-29.638715959918393,-1.3606778491089642,2.8249027144393954,0.6743989262169531,-1.0884678466580668,-1.1090531357212974,0.012238701913782735,0.005447041307471867,0.0036730187369340412,0.1675905890863901,0.06736978765573906,0.126922857407307,-0.015009791440808808,0.1800000000000168,0.126922857407307,0.24113642457625983,0.11786483881655904,-0.1788458860369145,0.1866376281307358,-1.083020805350595,-1.1053801169843633,optimal,81.33871899985934,False,"[[0.6866376281307358,-1.0830208053505828,-1.1053801169843633],[0.6836356698425741,-1.0470208053505672,-1.079995545502902],[0.6799163668200223,-1.0070208053505545,-1.0496410293469631],[0.6756232550678887,-0.9670208053505417,-1.0153110220456407],[0.6708711801545019,-0.927020805350529,-0.9778012025707601],[0.6657520394901283,-0.8870208053505163,-0.9377482592854679],[0.6603393771974846,-0.8470208053505036,-0.8956617243623907],[0.6546920613178743,-0.8070208053504908,-0.8519494503922657],[0.6488572272132523,-0.7670208053504781,-0.8069380030134777],[0.6428726343343233,-0.7270208053504654,-0.7608889891939783],[0.6367685541930762,-0.6870208053504526,-0.7140121375796837],[0.6305692839383844,-0.6470208053504399,-0.6664757849267702],[0.6242943612134486,-0.6070208053504272,-0.618415292939483],[0.6179595410379578,-0.5670208053504145,-0.5699398163553491],[0.6115775835590729,-0.5270208053504017,-0.5211377606820526],[0.6051588920587853,-0.48702080535038905,-0.4720812024728198],[0.598712033118016,-0.44702080535037636,-0.42282949315408014],[0.5922441649456622,-0.4070208053503636,-0.3734322265967876],[0.5857613952890419,-0.3670208053503509,-0.3239317188099687],[0.5792690868212594,-0.3270208053503382,-0.27436512374117344],[0.5727721252748613,-0.2870208053503255,-0.2247662909738532]]","[[-0.01500979144080881,0.1800000000000168,0.126922857407307],[-0.018596515112758553,0.20000000000000245,0.1517725807796945],[-0.021465558760668437,0.20000000000000245,0.1716500365066115],[-0.023760374566933952,0.20000000000000245,0.1875490973744038],[-0.025595703321868373,0.20000000000000245,0.20026471642646101],[-0.02706331146321842,0.20000000000000245,0.210432674615386],[-0.028236579398051603,0.20000000000000245,0.21856136985062502],[-0.029174170523109572,0.20000000000000245,0.22505723689394005],[-0.02992296439464523,0.20000000000000245,0.23024506909749679],[-0.030520400706235358,0.20000000000000245,0.2343842580714731],[-0.030996351273459465,0.20000000000000245,0.2376817632645678],[-0.031374613624678756,0.20000000000000245,0.24030245993643562],[-0.031674100877454196,0.20000000000000245,0.24237738292066996],[-0.03190978739442456,0.20000000000000245,0.24401027836648254],[-0.032093457501438355,0.20000000000000245,0.24528279104616404],[-0.032234294703846283,0.20000000000000245,0.24625854659369847],[-0.03233934086176875,0.20000000000000245,0.24698633278646262],[-0.03241384828310186,0.20000000000000245,0.24750253893409466],[-0.03246154233891228,0.20000000000000245,0.2478329753439762],[-0.032484807731990535,0.20000000000000245,0.24799416383660133]]"
1782764150.4284222,TRACKING,MPC tracking AprilTag,,True,fresh_solve,0,11,90.57551574707031,0.09080510770935159,-0.06519822369825648,1.2660477891088142,1.2709733987250997,0.07160067722672699,0.5139846711334126,-0.2030198185951651,0.8334282879153214,0.05307971522316306,0.9772543533805143,0.2053204145492131,-0.8561555359113819,-0.06129340956757964,0.5130699915916691,0.6915686685189019,-1.0768252431539338,-1.0925116323058388,-29.65622145265809,-1.359867897345821,2.7964216201578194,0.6710671468029606,-1.0712632675044018,-1.0805720414397213,0.020501521715941218,-0.0055619756495319805,-0.011939590866117511,0.18621900356298338,0.07534361779641924,0.1498379485636897,-0.018819618238486074,0.2000000000000024,0.1498379485636897,0.26404937438246956,0.12767264988959565,-0.20680229724770144,0.19156866851890186,-1.0768252431539338,-1.0925116323058388,optimal,80.94857299988689,False,"[[0.6915686685189019,-1.076825243153922,-1.0925116323058388],[0.6878047448712047,-1.0368252431539096,-1.062544042593101],[0.6834312945190941,-0.9968252431538972,-1.0289103124662116],[0.6785702797824715,-0.9568252431538848,-0.9923440127215882],[0.673319284762013,-0.9168252431538725,-0.9534320856747618],[0.6677563945442022,-0.8768252431538601,-0.9126441922761528],[0.6619440994556557,-0.8368252431538478,-0.870356195158593],[0.6559324195794531,-0.7968252431538354,-0.8268689517689662],[0.6497614057592913,-0.756825243153823,-0.7824233572405532],[0.6434631421416691,-0.7168252431538107,-0.7372123891496952],[0.6370633503832124,-0.6768252431537984,-0.6913907563946113],[0.6305826757335051,-0.6368252431537861,-0.6450826346403095],[0.624037719297569,-0.5968252431537737,-0.5983878751018363],[0.6174418680911141,-0.5568252431537614,-0.5513869971050304],[0.6108059643913246,-0.516825243153749,-0.5041452140528132],[0.6041388478507181,-0.4768252431537366,-0.4567156940953361],[0.5974477974797713,-0.43682524315372423,-0.40914221853748695],[0.5907388955974435,-0.39682524315371187,-0.36146137090413544],[0.5840173319471255,-0.3568252431536995,-0.3137043661163759],[0.5772876631838081,-0.3168252431536872,-0.26589861123758235],[0.5705540407068326,-0.27682524315367485,-0.2180690758265771]]","[[-0.018819618238486064,0.2000000000000024,0.1498379485636897],[-0.02186725176055289,0.2000000000000024,0.16816865063444697],[-0.02430507368311263,0.2000000000000024,0.1828314987231167],[-0.026254975102293267,0.2000000000000024,0.1945596352341323],[-0.027814451089053838,0.2000000000000024,0.2039394669930446],[-0.029061475442732364,0.2000000000000024,0.21143998558779922],[-0.030058399381012776,0.2000000000000024,0.21743621694813386],[-0.030855069100809093,0.2000000000000024,0.22222797264206526],[-0.031491318088111134,0.2000000000000024,0.22605484045429],[-0.03199895879228399,0.2000000000000024,0.2291081637754193],[-0.032403373248536316,0.2000000000000024,0.23154060877150964],[-0.03272478217968072,0.2000000000000024,0.2334737976923656],[-0.03297925603227444,0.2000000000000024,0.23500438998402987],[-0.03317951849894714,0.2000000000000024,0.23620891526108573],[-0.033335582703032475,0.2000000000000024,0.23714759978738598],[-0.0334552518547347,0.2000000000000024,0.23786737778924563],[-0.03354450941163893,0.2000000000000024,0.23840423816675765],[-0.033607818251590385,0.2000000000000024,0.23878502393879766],[-0.03364834381658663,0.2000000000000024,0.23902877439396772],[-0.03366811238487748,0.2000000000000024,0.23914767705502626]]"
1782764150.6436694,TRACKING,MPC tracking AprilTag,,True,fresh_solve,0,11,88.43658447265625,0.07091003328818596,-0.06971837905495527,1.2384204695625178,1.2424065939258488,0.057195995673229624,0.5491776540398619,-0.1792272932634843,0.8162606701616334,0.04799510376764726,0.9818842425198457,0.18330249399711301,-0.8343262996679456,-0.06148911806713349,0.5478309173839311,0.6985128555405933,-1.0652969840893776,-1.0725202616490657,-29.695498985173558,-1.3535481074171756,2.770163665998255,0.6591363502283817,-1.0333117141983543,-1.0543140872801569,0.039376505312211596,-0.03198526989102324,-0.018206174368908812,0.18634170889951798,0.07598889095917376,0.16637367239204767,-0.022305694896079142,0.20000000000000231,0.16637367239204767,0.2642003019464071,0.12846633587978373,-0.22697588031829816,0.19851285554059328,-1.0652969840893776,-1.0725202616490657,optimal,96.1510619999899,False,"[[0.6985128555405933,-1.065296984089366,-1.0725202616490657],[0.6940517165613774,-1.025296984089354,-1.0392455271706562],[0.6890328470266072,-0.9852969840893422,-1.0033252747237307],[0.6835678451844686,-0.9452969840893302,-0.9652888552070193],[0.6777460026677798,-0.9052969840893182,-0.9255598111657625],[0.6716387690756314,-0.8652969840893062,-0.8844770539189735],[0.6653033244533405,-0.8252969840892943,-0.8423118091253892],[0.6587854382947177,-0.7852969840892823,-0.7992811780664064],[0.6521217580167566,-0.7452969840892704,-0.7555589927101523],[0.6453416413304841,-0.7052969840892584,-0.7112845073098902],[0.6384686241265114,-0.6652969840892464,-0.6665693611166833],[0.6315215972695648,-0.6252969840892345,-0.6215031603419472],[0.6245157511417218,-0.5852969840892225,-0.5761579584680215],[0.6174633351615152,-0.5452969840892106,-0.530591858922286],[0.6103742702548594,-0.5052969840891985,-0.48485192024853],[0.6032566449013466,-0.4652969840891866,-0.438976509034142],[0.596117119558226,-0.42529698408917466,-0.3929972182394786],[0.5889612596832664,-0.3852969840891627,-0.34694044684588293],[0.5817938140076448,-0.3452969840891507,-0.3008287198047513],[0.574618951972505,-0.3052969840891388,-0.2546818142851033],[0.5674404722010148,-0.26529698408912683,-0.20851774853203264]]","[[-0.02230569489607915,0.20000000000000231,0.16637367239204767],[-0.02509434767385179,0.20000000000000231,0.17960126223462716],[-0.027325009210692638,0.20000000000000231,0.19018209758355722],[-0.029109212583443723,0.20000000000000231,0.1986452202062843],[-0.030536167960742606,0.20000000000000231,0.2054137862339448],[-0.03167722311145423,0.20000000000000231,0.21082622396792167],[-0.032589430793114174,0.20000000000000231,0.2151531552949138],[-0.033318401389805435,0.20000000000000231,0.21861092678127078],[-0.033900583431362576,0.20000000000000231,0.22137242700131046],[-0.03436508601986346,0.20000000000000231,0.22357573096603486],[-0.034735134284733134,0.20000000000000231,0.22533100387368016],[-0.035029230639215064,0.20000000000000231,0.22672600936962867],[-0.03526207990103337,0.20000000000000231,0.22783049772867778],[-0.03544532453327894,0.20000000000000231,0.22869969336877993],[-0.03558812676756408,0.20000000000000231,0.22937705607194028],[-0.03569762671560304,0.20000000000000231,0.22989645397331687],[-0.03577929937479776,0.20000000000000231,0.23028385696797848],[-0.035837228378107995,0.20000000000000231,0.23055863520565822],[-0.035874310175699246,0.20000000000000231,0.2307345275982401],[-0.03589239885745107,0.20000000000000231,0.2308203287653532]]"
1782764150.8868155,TRACKING,MPC tracking AprilTag,,True,fresh_solve,0,11,89.20252227783203,0.03493800922413082,-0.08392080011196275,1.203986922907304,1.2074137135678789,0.02901045406587286,0.567348301635373,-0.17947810747846005,0.8036812263375376,0.04676748484667208,0.9814070919083734,0.18615295408095411,-0.8221488350612524,-0.06802741276794128,0.5651933864789342,0.7078474891508666,-1.0416207856770487,-1.0435629535238862,-29.735903671567574,-1.3523953999556086,2.7361139703523514,0.6521554479101804,-0.9934979675784436,-1.0202643916342533,0.05569204124068616,-0.04812281809860519,-0.023298561889632863,0.18586327150592813,0.07826087528335846,0.17815732615654434,-0.025882818528956214,0.20000000000000218,0.17815732615654434,0.2636118239522916,0.13126087659853092,-0.24135193791098408,0.2078474891508666,-1.0416207856770487,-1.0435629535238862,optimal,89.37585299986495,False,"[[0.7078474891508666,-1.041620785677038,-1.0435629535238862],[0.7026709254450754,-1.001620785677027,-1.0079314882925774],[0.6969220647570287,-0.9616207856770158,-0.9704147794461517],[0.6907154199819336,-0.9216207856770047,-0.931390051941636],[0.6841426148106451,-0.8816207856769936,-0.8911591298031526],[0.6772769649142081,-0.8416207856769825,-0.8499635273231252],[0.6701771437274102,-0.8016207856769714,-0.8079965247769004],[0.6628901161205212,-0.7616207856769602,-0.765412832436515],[0.6554534866428059,-0.7216207856769492,-0.7223363260842979],[0.6478973797499882,-0.6816207856769381,-0.6788662408019861],[0.6402459460270368,-0.6416207856769269,-0.6350821327248122],[0.6325185697174134,-0.6016207856769158,-0.5910478568482652],[0.6247308379352464,-0.5616207856769048,-0.546814759777866],[0.6168953200210372,-0.5216207856768936,-0.5024242470594426],[0.6090221960086845,-0.4816207856768825,-0.4579098534564218],[0.6011197656271803,-0.44162078567687135,-0.41329891968800064],[0.593194863287059,-0.40162078567686027,-0.368613959465106],[0.5852531998009239,-0.36162078567684913,-0.32387378517594123],[0.5772996479240777,-0.32162078567683805,-0.279094448505396],[0.5693384859922879,-0.2816207856768269,-0.23429004301929113],[0.5613736118385741,-0.2416207856768158,-0.18947340884266936]]","[[-0.025882818528956197,0.20000000000000215,0.17815732615654434],[-0.02874430344023355,0.20000000000000215,0.18758354423212817],[-0.031033223875475066,0.20000000000000215,0.19512363752257833],[-0.032864025856442824,0.20000000000000215,0.20115461069241738],[-0.03432824948218521,0.20000000000000215,0.20597801240013724],[-0.03549910593398934,0.20000000000000215,0.2098350127311239],[-0.03643513803444543,0.20000000000000215,0.21291846170192666],[-0.037183147388576275,0.20000000000000215,0.2153825317610857],[-0.03778053446408842,0.20000000000000215,0.21735042641155897],[-0.03825716861475747,0.20000000000000215,0.21892054038587014],[-0.038636881548116876,0.20000000000000215,0.22017137938273473],[-0.03893865891083462,0.20000000000000215,0.22116548535199604],[-0.03917758957104658,0.20000000000000215,0.22195256359211707],[-0.039365620061763355,0.20000000000000215,0.2225719680151039],[-0.03951215190752079,0.20000000000000215,0.2230546688421059],[-0.039624511700606754,0.20000000000000215,0.22342480111447316],[-0.03970831743067555,0.20000000000000215,0.22370087144582404],[-0.03976775938423061,0.20000000000000215,0.22389668335272608],[-0.0398058096589497,0.20000000000000215,0.2240220274305244],[-0.03982437076856876,0.20000000000000215,0.22408317088310897]]"
1782764151.1410615,TRACKING,MPC tracking AprilTag,,True,fresh_solve,0,11,88.56192779541016,-0.026601297611262363,-0.06717249781075557,1.1575467696189874,1.1597992487288875,-0.02297670983498068,0.6036242204169984,-0.1699953951473023,0.7789347637348608,0.03484454846449089,0.9816952868314959,0.18724374824044887,-0.7965071612787148,-0.08588323143396158,0.5984984649856538,0.6992005584651904,-1.0171850924627923,-1.0173038738580016,-29.78583710078523,-1.3344983443853449,2.6883686130741635,0.627228709811666,-0.9466758608414771,-0.9725190343560655,0.07197184865352435,-0.07050923162131517,-0.044784839501936125,0.18501984385559983,0.08104979887108373,0.18639125273471416,-0.02830923025080105,0.200000000000002,0.18639125273471416,0.2625744079423878,0.134691252611433,-0.25139732833635126,0.19920055846519036,-1.0171850924627923,-1.0173038738580016,optimal,93.23103800011268,False,"[[0.6992005584651904,-1.0171850924627825,-1.0173038738580016],[0.6935387124150302,-0.9771850924627724,-0.9800256233110588],[0.6874886695205232,-0.9371850924627623,-0.9414300430275953],[0.6811281054394743,-0.897185092462752,-0.9017807220998985],[0.6745191697703614,-0.8571850924627419,-0.8612885625880439],[0.6677115935322588,-0.8171850924627317,-0.8201223246228994],[0.6607451757157918,-0.7771850924627216,-0.778417064412668],[0.6536517732326672,-0.7371850924627115,-0.7362808870532987],[0.646456893761259,-0.6971850924627012,-0.6938003517832837],[0.639180971130527,-0.6571850924626911,-0.6510447999455824],[0.6318403870114647,-0.6171850924626809,-0.6080698220547704],[0.6244482900006494,-0.5771850924626708,-0.5649200373227675],[0.6170152530500703,-0.5371850924626606,-0.521631324619434],[0.609549802114729,-0.4971850924626504,-0.4782326164160637],[0.6020588424503882,-0.4571850924626403,-0.43474734540894855],[0.5945480038763615,-0.41718509246263014,-0.39119461615419326],[0.5870219222664775,-0.37718509246261994,-0.3475901602955205],[0.5794844713427725,-0.3371850924626098,-0.3039471231464571],[0.5719389563615911,-0.2971850924625996,-0.26027672095601034],[0.5643882793764047,-0.25718509246258947,-0.21658880172111836],[0.5568350843404841,-0.2171850924625793,-0.172892337586497]]","[[-0.028309230250801034,0.20000000000000198,0.18639125273471416],[-0.030250214472534835,0.20000000000000195,0.1929779014173174],[-0.031802820405244306,0.20000000000000195,0.1982466046384842],[-0.03304467834556492,0.20000000000000195,0.20246079755927288],[-0.0340378811905127,0.20000000000000195,0.2058311898257229],[-0.034832089082335045,0.20000000000000195,0.20852630105115677],[-0.03546701241562308,0.20000000000000195,0.21068088679684613],[-0.035974397357041187,0.20000000000000195,0.2124026763500755],[-0.03637961315366028,0.20000000000000195,0.2137777591885063],[-0.036702920595311314,0.20000000000000195,0.21487488945406014],[-0.036960485054076835,0.20000000000000195,0.21574892366001464],[-0.037165184752895125,0.20000000000000195,0.21644356351666755],[-0.037327254676707104,0.20000000000000195,0.21699354101685153],[-0.03745479832170337,0.20000000000000195,0.21742635503557578],[-0.03755419287013373,0.20000000000000195,0.21776364627377656],[-0.03763040804941971,0.20000000000000195,0.21802227929336385],[-0.0376872546185256,0.20000000000000195,0.21821518574531704],[-0.03772757490590671,0.20000000000000195,0.2183520109522338],[-0.03775338492593209,0.20000000000000195,0.21843959617446],[-0.037765975179603006,0.20000000000000195,0.21848232067310688]]"
1782764151.345011,TRACKING,MPC tracking AprilTag,,True,fresh_solve,0,11,87.84434509277344,-0.08499390339465504,-0.06054715352249126,1.1211318013206655,1.1259779915018127,-0.07566606765217175,0.638811190789352,-0.1573221082650909,0.7531069092587832,0.03226648409095137,0.9834871400918775,0.17807840767007085,-0.7686866309014997,-0.08945836755120554,0.633338822391597,0.6853024436619769,-0.9919832154088432,-0.9891507301917215,-29.817780381660132,-1.315432112184484,2.646772038183823,0.6037454617277997,-0.9178239724661625,-0.930922459465725,0.08155698193417715,-0.07415924294268061,-0.05822827072599645,0.18334196133440714,0.08519635077308342,0.19184922997564782,-0.029541377269802507,0.20000000000000176,0.19184922997564782,0.2605106124413208,0.1397915114508926,-0.25805606057029035,0.1853024436619769,-0.9919832154088432,-0.9891507301917215,optimal,97.4042919999647,False,"[[0.6853024436619769,-0.9919832154088344,-0.9891507301917215],[0.6793941682080165,-0.9519832154088252,-0.950780884196592],[0.673288763973214,-0.9119832154088161,-0.9115378271456586],[0.6670256751414863,-0.871983215408807,-0.8715962828785141],[0.660636461666903,-0.8319832154087978,-0.8310960508739407],[0.6541463772713917,-0.7919832154087887,-0.790148996223849],[0.6475756321308331,-0.7519832154087795,-0.748844642887874],[0.6409404033838558,-0.7119832154087704,-0.7072546498913562],[0.6342536439887676,-0.6719832154087613,-0.6654363942766092],[0.6275257303714704,-0.6319832154087521,-0.6234358399550348],[0.6207649812467557,-0.5919832154087429,-0.581289835902694],[0.6139780735540444,-0.5519832154087337,-0.5390279586091089],[0.6071703763043574,-0.5119832154087246,-0.4966739909017397],[0.6003462190308668,-0.4719832154087155,-0.4542471110873574],[0.5935091082655545,-0.4319832154087064,-0.4117628518673822],[0.5866619028658113,-0.3919832154086972,-0.36923387697295473],[0.5798069569573067,-0.35198321540868804,-0.326670614351493],[0.5729462376402717,-0.3119832154086789,-0.2840817775640634],[0.5660814233445113,-0.27198321540866977,-0.24147480146343375],[0.5592139877508937,-0.23198321540866063,-0.19885621393671193],[0.5523452734753946,-0.1919832154086515,-0.1562319622997013]]","[[-0.02954137726980251,0.2000000000000018,0.19184922997564782],[-0.030527021174011737,0.20000000000000176,0.19621528525466692],[-0.031315444158639204,0.20000000000000176,0.19970772133572243],[-0.03194606737291627,0.20000000000000176,0.2025011600228671],[-0.03245042197755679,0.20000000000000176,0.20473527325045818],[-0.0328537257027928,0.20000000000000176,0.20652176667987523],[-0.033176143734886095,0.20000000000000176,0.20794996498258905],[-0.03343379697544134,0.20000000000000176,0.20909127807373543],[-0.0336395680864863,0.20000000000000176,0.2100027716078716],[-0.03380374562357321,0.20000000000000176,0.2107300202617044],[-0.03393453846355643,0.20000000000000176,0.21130938646792546],[-0.03403848624843512,0.20000000000000176,0.2117698385368459],[-0.03412078636745321,0.20000000000000176,0.21213439907191164],[-0.034185553826561604,0.20000000000000176,0.21242129609987603],[-0.034236026998715724,0.20000000000000176,0.21264487447213729],[-0.03427472954252328,0.20000000000000176,0.2128163131073085],[-0.03430359658517465,0.20000000000000176,0.2129441839371482],[-0.034324071478802405,0.20000000000000176,0.2130348805031484],[-0.03433717796808793,0.20000000000000176,0.21309293763360906],[-0.0343435713774955,0.20000000000000176,0.2131212581850533]]"
1782764151.5779314,TRACKING,MPC tracking AprilTag,,True,fresh_solve,0,11,88.59296417236328,-0.12745995227878115,-0.06303195038042794,1.0757378520682639,1.085094923302156,-0.11793622259814159,0.6725209546365911,-0.17506549706924862,0.7190741528594843,0.0463964511738494,0.9796813355853885,0.19512009128765279,-0.7386223222277816,-0.09785986123802887,0.6669786448345351,0.667789218755385,-0.9649532023770718,-0.9476595431603317,-29.868214415627573,-1.30500636311076,2.602946558320268,0.586139208058815,-0.8694265773118709,-0.8870969796021699,0.08165001069656996,-0.09552662506520093,-0.060562563558161815,0.17973146701353246,0.09261496003642881,0.1944743723323349,-0.029680482768735264,0.20000000000000154,0.1944743723323349,0.2560697044266449,0.14891640084480745,-0.26125873424544854,0.167789218755385,-0.9649532023770718,-0.9476595431603317,optimal,80.6447150000622,False,"[[0.667789218755385,-0.9649532023770642,-0.9476595431603317],[0.661853122201638,-0.9249532023770561,-0.9087646686938647],[0.6558947704324092,-0.8849532023770481,-0.8694498028592172],[0.6499186165712295,-0.8449532023770401,-0.829798983191137],[0.6439282236370322,-0.804953202377032,-0.7898794495327003],[0.6379264426950993,-0.764953202377024,-0.7497450060274653],[0.6319155554103268,-0.724953202377016,-0.7094387113266507],[0.625897388130468,-0.684953202377008,-0.6689950315216959],[0.6198734032035222,-0.644953202377,-0.6284415634488334],[0.6138447720951343,-0.604953202376992,-0.5878004145309002],[0.6078124339618772,-0.564953202376984,-0.5470893081484799],[0.6017771426090803,-0.524953202376976,-0.5063224698089317],[0.5957395041810958,-0.48495320237696793,-0.4655113384217584],[0.5897000074685167,-0.44495320237695996,-0.4246651382440816],[0.5836590483477062,-0.4049532023769519,-0.3837913400934975],[0.5776169495746163,-0.3649532023769439,-0.34289603488895726],[0.5715739769225843,-0.32495320237693587,-0.30198423819671405],[0.565530352471001,-0.2849532023769279,-0.26106014100863584],[0.5594862657092795,-0.24495320237691984,-0.22012731929179902],[0.5534418830113258,-0.20495320237691184,-0.17918891278684188],[0.5473973559542344,-0.1649532023769038,-0.13824778199499682]]","[[-0.029680482768735264,0.20000000000000157,0.1944743723323349],[-0.02979175884614376,0.20000000000000157,0.19657432917323764],[-0.029880769305898426,0.20000000000000157,0.19825409834040125],[-0.029951964670986986,0.20000000000000157,0.19959766829218387],[-0.030008904709663876,0.20000000000000157,0.20067221752617462],[-0.03005443642386293,0.20000000000000157,0.20153147350407305],[-0.03009083639929411,0.20000000000000157,0.20221839902477406],[-0.03011992463472897,0.20000000000000157,0.20276734036431274],[-0.030143155541939255,0.20000000000000157,0.20320574458966598],[-0.030161690666285483,0.20000000000000157,0.2035555319121015],[-0.030176456763984956,0.20000000000000157,0.203834191697741],[-0.030188192139922656,0.20000000000000157,0.20405565693586653],[-0.030197483562895464,0.20000000000000157,0.2042310008883843],[-0.030204795604052027,0.20000000000000157,0.20436899075292028],[-0.030210493865450164,0.20000000000000157,0.20447652602270122],[-0.03021486326015979,0.20000000000000157,0.2045589834612162],[-0.03021812225791639,0.20000000000000157,0.20462048594039095],[-0.030220433808607786,0.20000000000000157,0.20466410858418424],[-0.030221913489768555,0.20000000000000157,0.2046920325247857],[-0.030222635285456736,0.20000000000000157,0.20470565395922544]]"
1782764151.8323808,TRACKING,MPC tracking AprilTag,,True,fresh_solve,0,11,89.75325775146484,-0.1865438077778267,-0.0668773091675606,1.004455510239716,1.0238173854514643,-0.18362431843485033,0.7325863945247922,-0.16330585510118578,0.660793744103889,0.04384303591940774,0.9800982351828698,0.19361104718686276,-0.6792606000339892,-0.11286561514072649,0.7251664568637813,0.6494989362954816,-0.9387280665606035,-0.9117840430802111,-29.923442099848064,-1.2977748903161135,2.5443134839642085,0.5710007862866063,-0.8158241567565953,-0.8284639052461105,0.07849815000887528,-0.12290390980400823,-0.08332013783410064,0.1758550593089691,0.09956856271168298,0.19531423620620492,-0.02896378022687726,0.20000000000000137,0.19531423620620492,0.251301722950032,0.15746933213537007,-0.26228336817157,0.1494989362954816,-0.9387280665606035,-0.9117840430802111,optimal,84.36355399999229,False,"[[0.6494989362954816,-0.9387280665605968,-0.9117840430802111],[0.6437061802501062,-0.89872806656059,-0.8727211958389701],[0.6380280880363385,-0.8587280665605831,-0.8335239804265808],[0.6324417161689949,-0.8187280665605762,-0.7942192830381114],[0.6269287071802132,-0.7787280665605694,-0.7548286157698261],[0.6214743717460592,-0.7387280665605624,-0.7153691922239984],[0.6160669542203302,-0.6987280665605555,-0.6758547881890247],[0.6106970448522444,-0.6587280665605487,-0.6362964304288439],[0.6053571092989025,-0.6187280665605418,-0.5967029480211347],[0.6000411119081422,-0.5787280665605349,-0.5570814138111992],[0.5947442139359306,-0.5387280665605281,-0.5174374980542288],[0.5894625316091616,-0.49872806656052115,-0.4777757519280622],[0.5841929419370021,-0.4587280665605143,-0.43809983509207906],[0.5789329265613486,-0.4187280665605074,-0.3984126986701679],[0.5736804458389235,-0.3787280665605005,-0.35871673280692074],[0.5684338368591104,-0.33872806656049365,-0.3190138861748631],[0.5631917302984235,-0.2987280665604867,-0.27930576340807967],[0.5579529819543333,-0.25872806656047986,-0.23959370533391908],[0.5527166155351403,-0.21872806656047297,-0.19987885601436095],[0.5474817738453895,-0.17872806656046608,-0.16016221994911514],[0.5422476759260986,-0.13872806656045922,-0.12044471230060702]]","[[-0.028963780226877265,0.20000000000000134,0.19531423620620492],[-0.028390461068838743,0.20000000000000134,0.19598607706194665],[-0.02793185933671776,0.20000000000000134,0.19652348694234714],[-0.027565044943908282,0.20000000000000134,0.19695333634142645],[-0.027271677170769823,0.20000000000000134,0.1972971177291385],[-0.02703708762864546,0.20000000000000134,0.1975720201748689],[-0.026849546840428982,0.20000000000000134,0.19779178880090417],[-0.026699677766709555,0.20000000000000134,0.1979674120385461],[-0.02657998695380122,0.20000000000000134,0.19810767104967675],[-0.026484489861058547,0.20000000000000134,0.19821957878485266],[-0.026408411633844418,0.20000000000000134,0.19830873063083268],[-0.026347948360798113,0.20000000000000134,0.19837958417991575],[-0.026300076878267322,0.20000000000000134,0.19843568210955606],[-0.026262403612125507,0.20000000000000134,0.19847982931623562],[-0.02623304489906558,0.20000000000000134,0.19851423316028838],[-0.02621053280343454,0.20000000000000134,0.19854061383391705],[-0.026193741720450837,0.20000000000000134,0.19856029037080303],[-0.02618183209596529,0.20000000000000134,0.19857424659779058],[-0.026174208448753615,0.20000000000000134,0.19858318032622915],[-0.02617048959645524,0.20000000000000134,0.19858753824254063]]"
1782764152.0936956,TRACKING,MPC tracking AprilTag,,True,fresh_solve,0,11,91.10877227783203,-0.22494999480258462,-0.05557013653616743,0.9665523649492093,0.9939386371528378,-0.2286638595075918,0.7638869380222629,-0.15566140999694847,0.6262956740683535,0.04197766291307987,0.9804040460588533,0.1924728092167452,-0.6439834017545228,-0.12073703619516124,0.7554521469659617,0.6318234618854959,-0.90285798124433,-0.8611230745130598,-29.972056460781136,-1.2696586843642794,2.490312759857646,0.5361528820650283,-0.7717843940708051,-0.7744631811395479,0.09567057982046756,-0.1310735871735249,-0.08665989337351188,0.1698717726851425,0.10917907489215527,0.19446640734891357,-0.027865562070397268,0.20000000000000104,0.19446640734891357,0.24394228040272528,0.169290262117351,-0.26124901696567454,0.13182346188549587,-0.90285798124433,-0.8611230745130598,optimal,96.43778600002406,False,"[[0.6318234618854959,-0.9028579812443249,-0.8611230745130598],[0.6262503494714164,-0.8628579812443197,-0.8222297930432771],[0.6208529388225863,-0.8228579812443144,-0.783472154046692],[0.6155960731612214,-0.7828579812443092,-0.7448230163487036],[0.6104516229589108,-0.7428579812443039,-0.7062606638396409],[0.605397079460196,-0.7028579812442985,-0.6677677196692795],[0.600414429244799,-0.6628579812442933,-0.6293302774043295],[0.5954892535566071,-0.622857981244288,-0.5909372057067718],[0.590610007365868,-0.5828579812442828,-0.5525795917669571],[0.5857674421177022,-0.5428579812442775,-0.5142502956631232],[0.5809541433043585,-0.5028579812442723,-0.4759435933653066],[0.5761641597398272,-0.46285798124426697,-0.4376548905338451],[0.5713927060005389,-0.42285798124426166,-0.39938049280239396],[0.5666359231541869,-0.3828579812442564,-0.36111742105960914],[0.5618906858131104,-0.3428579812442511,-0.32286326249357983],[0.5571544458649133,-0.30285798124424584,-0.28461604995123296],[0.552425105066843,-0.2628579812442406,-0.24637416358067968],[0.547700910133653,-0.2228579812442353,-0.20813624983862075],[0.5429803650733415,-0.18285798124423003,-0.16990115381318163],[0.53826215638755,-0.14285798124422475,-0.13166786147831885],[0.5335450873966465,-0.10285798124421947,-0.0934354489925177]]","[[-0.027865562070397268,0.20000000000000104,0.19446640734891357],[-0.026987053244150516,0.20000000000000104,0.1937881949829257],[-0.026284328306824672,0.20000000000000104,0.19324568848994192],[-0.02572225101155344,0.20000000000000104,0.19281176254531301],[-0.025272717493573262,0.20000000000000104,0.19246472085180755],[-0.02491325107698513,0.20000000000000104,0.1921872113247502],[-0.024625878440959634,0.20000000000000104,0.19196535848778817],[-0.024396230953695495,0.20000000000000104,0.19178806969907333],[-0.024212826240829512,0.20000000000000104,0.19164648051916994],[-0.02406649406671839,0.20000000000000104,0.19153351148908282],[-0.023949917822656562,0.20000000000000104,0.19144351415730762],[-0.02385726869644094,0.20000000000000104,0.19137198865725558],[-0.023783914231760753,0.20000000000000104,0.1913153587139241],[-0.02372618670538198,0.20000000000000104,0.1912707928301466],[-0.023681199740985686,0.20000000000000104,0.1912360627117343],[-0.023646703990352062,0.20000000000000104,0.19120943185276643],[-0.023620974665949424,0.20000000000000104,0.19118956871029472],[-0.023602725301557638,0.20000000000000104,0.19117548012719554],[-0.02359104342895712,0.20000000000000104,0.19116646167431392],[-0.023585344954517844,0.20000000000000104,0.19116206242900582]]"
1782764152.2780266,TRACKING,MPC tracking AprilTag,,True,fresh_solve,0,10,51.8587760925293,0.01768866564136378,-0.004211821468392679,-0.023275360838669348,0.02953592311785497,2.4917387787093626,-0.24009380831165306,0.8383456615830117,-0.48941956940374776,0.4711677797836181,-0.3401600298713726,-0.8138132939266125,-0.8487378196499691,-0.4259902648921094,-0.3133311470520722,0.6173409118089681,-0.8727746797030138,-0.8203938540609257,-30.014027904088458,-1.2488677158797552,2.452552997752084,0.5095134885475792,-0.7332589591368982,-0.7367034190339858,0.10782742326138894,-0.1395157205661156,-0.08369043502693985,0.1644548918921815,0.1168960740578723,0.19277099858766705,-0.02664776908884421,0.20000000000000076,0.19277099858766705,0.23727951702738323,0.17878217109118294,-0.2591806182769538,0.1173409118089681,-0.8727746797030138,-0.8203938540609257,optimal,80.78611500013722,False,"[[0.6173409118089681,-0.8727746797030101,-0.8203938540609257],[0.6120113579911993,-0.8327746797030062,-0.7818396543433923],[0.6068766364800214,-0.7927746797030024,-0.7435566997426989],[0.6018977626010447,-0.7527746797029986,-0.7054907158792781],[0.5970435440614889,-0.7127746797029947,-0.6675982769104265],[0.5922890213355451,-0.6727746797029909,-0.6298446342381686],[0.5876142196880851,-0.632774679702987,-0.5922019790793591],[0.5830031504379047,-0.5927746797029831,-0.5546480520265247],[0.5784430115236637,-0.5527746797029793,-0.5171650300774912],[0.573923547400819,-0.5127746797029754,-0.4797386354852741],[0.5694365362643972,-0.4727746797029716,-0.4423574218707302],[0.5649753789587459,-0.43277467970296774,-0.4050122019035994],[0.5605347690197516,-0.39277467970296387,-0.36769558793599266],[0.5561104273516333,-0.35277467970296006,-0.330401622619997],[0.5516988882721541,-0.3127746797029562,-0.29312548104028],[0.5472973262285087,-0.2727746797029523,-0.25586322946832324],[0.5429034145196838,-0.2327746797029485,-0.21861162867599612],[0.538515208961407,-0.19277467970294462,-0.18136797197414972],[0.5341310506769333,-0.15277467970294079,-0.14412994987815908],[0.529749483153208,-0.11277467970293692,-0.10689553463369206],[0.5253691794152134,-0.07277467970293307,-0.06966287882899264]]","[[-0.026647769088844208,0.20000000000000076,0.19277099858766705],[-0.025673607555889075,0.20000000000000076,0.19141477300346704],[-0.024894369394884118,0.20000000000000076,0.19032991931710352],[-0.024271092697779082,0.20000000000000076,0.18946219484425839],[-0.02377261362971872,0.20000000000000076,0.1887682133612893],[-0.023374008237300015,0.20000000000000076,0.18821327579404784],[-0.023055346250902026,0.20000000000000076,0.1877696352641719],[-0.022800694571204854,0.20000000000000076,0.18741510974516776],[-0.02259732061422364,0.20000000000000076,0.18713197296108514],[-0.022435055682109333,0.20000000000000076,0.1869060680727199],[-0.022305786528256207,0.20000000000000076,0.18672609983565386],[-0.02220304969497161,0.20000000000000076,0.18658306983803363],[-0.022121708340591316,0.20000000000000076,0.18646982657997827],[-0.022057695397396302,0.20000000000000076,0.18638070789858496],[-0.022007810218226825,0.20000000000000076,0.18631125785978409],[-0.021969558544124405,0.20000000000000076,0.18625800396163555],[-0.02194102779138393,0.20000000000000076,0.18621828350923197],[-0.021920791422368368,0.20000000000000076,0.18619011047995318],[-0.021907837618626944,0.20000000000000076,0.1861720762223352],[-0.02190151868997259,0.20000000000000076,0.18616327902349716]]"
1782764152.447122,TRACKING,MPC open-loop step 1,,False,open_loop_plan,1,10,51.8587760925293,0.01768866564136378,-0.004211821468392679,-0.023275360838669348,0.02953592311785497,2.4917387787093626,-0.24009380831165306,0.8383456615830117,-0.48941956940374776,0.4711677797836181,-0.3401600298713726,-0.8138132939266125,-0.8487378196499691,-0.4259902648921094,-0.3133311470520722,0.6120113579911993,-0.8327746797030062,-0.7818396543433923,-30.04829629194883,-1.2399511503414296,2.4168534326247575,0.49573723458381125,-0.7006392967494066,-0.7010038539066594,0.11627412340738807,-0.1321353829535996,-0.08083580043673289,0.1591356807469487,0.12383444285875933,0.19141477300346704,-0.025673607555889058,0.20000000000000076,0.19141477300346704,0.2307368873187469,0.18731636471627397,-0.2575260230642298,0.11201135799119932,-0.8327746797030062,-0.7818396543433923,stale_tag_open_loop,0.0,False,"[[0.6173409118089681,-0.8727746797030101,-0.8203938540609257],[0.6120113579911993,-0.8327746797030062,-0.7818396543433923],[0.6068766364800214,-0.7927746797030024,-0.7435566997426989],[0.6018977626010447,-0.7527746797029986,-0.7054907158792781],[0.5970435440614889,-0.7127746797029947,-0.6675982769104265],[0.5922890213355451,-0.6727746797029909,-0.6298446342381686],[0.5876142196880851,-0.632774679702987,-0.5922019790793591],[0.5830031504379047,-0.5927746797029831,-0.5546480520265247],[0.5784430115236637,-0.5527746797029793,-0.5171650300774912],[0.573923547400819,-0.5127746797029754,-0.4797386354852741],[0.5694365362643972,-0.4727746797029716,-0.4423574218707302],[0.5649753789587459,-0.43277467970296774,-0.4050122019035994],[0.5605347690197516,-0.39277467970296387,-0.36769558793599266],[0.5561104273516333,-0.35277467970296006,-0.330401622619997],[0.5516988882721541,-0.3127746797029562,-0.29312548104028],[0.5472973262285087,-0.2727746797029523,-0.25586322946832324],[0.5429034145196838,-0.2327746797029485,-0.21861162867599612],[0.538515208961407,-0.19277467970294462,-0.18136797197414972],[0.5341310506769333,-0.15277467970294079,-0.14412994987815908],[0.529749483153208,-0.11277467970293692,-0.10689553463369206],[0.5253691794152134,-0.07277467970293307,-0.06966287882899264]]","[[-0.026647769088844208,0.20000000000000076,0.19277099858766705],[-0.025673607555889075,0.20000000000000076,0.19141477300346704],[-0.024894369394884118,0.20000000000000076,0.19032991931710352],[-0.024271092697779082,0.20000000000000076,0.18946219484425839],[-0.02377261362971872,0.20000000000000076,0.1887682133612893],[-0.023374008237300015,0.20000000000000076,0.18821327579404784],[-0.023055346250902026,0.20000000000000076,0.1877696352641719],[-0.022800694571204854,0.20000000000000076,0.18741510974516776],[-0.02259732061422364,0.20000000000000076,0.18713197296108514],[-0.022435055682109333,0.20000000000000076,0.1869060680727199],[-0.022305786528256207,0.20000000000000076,0.18672609983565386],[-0.02220304969497161,0.20000000000000076,0.18658306983803363],[-0.022121708340591316,0.20000000000000076,0.18646982657997827],[-0.022057695397396302,0.20000000000000076,0.18638070789858496],[-0.022007810218226825,0.20000000000000076,0.18631125785978409],[-0.021969558544124405,0.20000000000000076,0.18625800396163555],[-0.02194102779138393,0.20000000000000076,0.18621828350923197],[-0.021920791422368368,0.20000000000000076,0.18619011047995318],[-0.021907837618626944,0.20000000000000076,0.1861720762223352],[-0.02190151868997259,0.20000000000000076,0.18616327902349716]]"
1782764152.696987,TRACKING,MPC open-loop step 2,,False,open_loop_plan,2,10,51.8587760925293,0.01768866564136378,-0.004211821468392679,-0.023275360838669348,0.02953592311785497,2.4917387787093626,-0.24009380831165306,0.8383456615830117,-0.48941956940374776,0.4711677797836181,-0.3401600298713726,-0.8138132939266125,-0.8487378196499691,-0.4259902648921094,-0.3133311470520722,0.6068766364800214,-0.7927746797030024,-0.7435566997426989,-30.101887615200873,-1.2256002011501388,2.3598629378586806,0.47379063165800117,-0.6496851380318616,-0.6440133591405826,0.13308600482202027,-0.14308954167114085,-0.09954334060211634,0.15370592069572,0.13036187928474446,0.19032991931710352,-0.02489436939488411,0.2000000000000008,0.19032991931710352,0.2240582824557356,0.1953451115202357,-0.2562025015668663,0.10687663648002144,-0.7927746797030024,-0.7435566997426989,stale_tag_open_loop,0.0,False,"[[0.6173409118089681,-0.8727746797030101,-0.8203938540609257],[0.6120113579911993,-0.8327746797030062,-0.7818396543433923],[0.6068766364800214,-0.7927746797030024,-0.7435566997426989],[0.6018977626010447,-0.7527746797029986,-0.7054907158792781],[0.5970435440614889,-0.7127746797029947,-0.6675982769104265],[0.5922890213355451,-0.6727746797029909,-0.6298446342381686],[0.5876142196880851,-0.632774679702987,-0.5922019790793591],[0.5830031504379047,-0.5927746797029831,-0.5546480520265247],[0.5784430115236637,-0.5527746797029793,-0.5171650300774912],[0.573923547400819,-0.5127746797029754,-0.4797386354852741],[0.5694365362643972,-0.4727746797029716,-0.4423574218707302],[0.5649753789587459,-0.43277467970296774,-0.4050122019035994],[0.5605347690197516,-0.39277467970296387,-0.36769558793599266],[0.5561104273516333,-0.35277467970296006,-0.330401622619997],[0.5516988882721541,-0.3127746797029562,-0.29312548104028],[0.5472973262285087,-0.2727746797029523,-0.25586322946832324],[0.5429034145196838,-0.2327746797029485,-0.21861162867599612],[0.538515208961407,-0.19277467970294462,-0.18136797197414972],[0.5341310506769333,-0.15277467970294079,-0.14412994987815908],[0.529749483153208,-0.11277467970293692,-0.10689553463369206],[0.5253691794152134,-0.07277467970293307,-0.06966287882899264]]","[[-0.026647769088844208,0.20000000000000076,0.19277099858766705],[-0.025673607555889075,0.20000000000000076,0.19141477300346704],[-0.024894369394884118,0.20000000000000076,0.19032991931710352],[-0.024271092697779082,0.20000000000000076,0.18946219484425839],[-0.02377261362971872,0.20000000000000076,0.1887682133612893],[-0.023374008237300015,0.20000000000000076,0.18821327579404784],[-0.023055346250902026,0.20000000000000076,0.1877696352641719],[-0.022800694571204854,0.20000000000000076,0.18741510974516776],[-0.02259732061422364,0.20000000000000076,0.18713197296108514],[-0.022435055682109333,0.20000000000000076,0.1869060680727199],[-0.022305786528256207,0.20000000000000076,0.18672609983565386],[-0.02220304969497161,0.20000000000000076,0.18658306983803363],[-0.022121708340591316,0.20000000000000076,0.18646982657997827],[-0.022057695397396302,0.20000000000000076,0.18638070789858496],[-0.022007810218226825,0.20000000000000076,0.18631125785978409],[-0.021969558544124405,0.20000000000000076,0.18625800396163555],[-0.02194102779138393,0.20000000000000076,0.18621828350923197],[-0.021920791422368368,0.20000000000000076,0.18619011047995318],[-0.021907837618626944,0.20000000000000076,0.1861720762223352],[-0.02190151868997259,0.20000000000000076,0.18616327902349716]]"
1782764152.9249928,PAUSED_LOST_TAG,Paused: no fresh AprilTag pose after 2 open-loop MPC step(s),,False,stale_tag,0,10,51.8587760925293,0.01768866564136378,-0.004211821468392679,-0.023275360838669348,0.02953592311785497,2.4917387787093626,-0.24009380831165306,0.8383456615830117,-0.48941956940374776,0.4711677797836181,-0.3401600298713726,-0.8138132939266125,-0.8487378196499691,-0.4259902648921094,-0.3133311470520722,0.6068766364800214,-0.7927746797030024,-0.7435566997426989,-30.132026209982012,-1.2047604412733892,2.3231815132156948,0.4488133396861854,-0.6228753380912251,-0.6073319344975967,0.15806329679383602,-0.16989934161177733,-0.1362247652451022,0.0,0.0,0.0,0.0,0.0,0.0,0.0,0.0,0.0,0.0,0.0,0.0,stale_tag,0.0,False,"[[0.6173409118089681,-0.8727746797030101,-0.8203938540609257],[0.6120113579911993,-0.8327746797030062,-0.7818396543433923],[0.6068766364800214,-0.7927746797030024,-0.7435566997426989],[0.6018977626010447,-0.7527746797029986,-0.7054907158792781],[0.5970435440614889,-0.7127746797029947,-0.6675982769104265],[0.5922890213355451,-0.6727746797029909,-0.6298446342381686],[0.5876142196880851,-0.632774679702987,-0.5922019790793591],[0.5830031504379047,-0.5927746797029831,-0.5546480520265247],[0.5784430115236637,-0.5527746797029793,-0.5171650300774912],[0.573923547400819,-0.5127746797029754,-0.4797386354852741],[0.5694365362643972,-0.4727746797029716,-0.4423574218707302],[0.5649753789587459,-0.43277467970296774,-0.4050122019035994],[0.5605347690197516,-0.39277467970296387,-0.36769558793599266],[0.5561104273516333,-0.35277467970296006,-0.330401622619997],[0.5516988882721541,-0.3127746797029562,-0.29312548104028],[0.5472973262285087,-0.2727746797029523,-0.25586322946832324],[0.5429034145196838,-0.2327746797029485,-0.21861162867599612],[0.538515208961407,-0.19277467970294462,-0.18136797197414972],[0.5341310506769333,-0.15277467970294079,-0.14412994987815908],[0.529749483153208,-0.11277467970293692,-0.10689553463369206],[0.5253691794152134,-0.07277467970293307,-0.06966287882899264]]","[[-0.026647769088844208,0.20000000000000076,0.19277099858766705],[-0.025673607555889075,0.20000000000000076,0.19141477300346704],[-0.024894369394884118,0.20000000000000076,0.19032991931710352],[-0.024271092697779082,0.20000000000000076,0.18946219484425839],[-0.02377261362971872,0.20000000000000076,0.1887682133612893],[-0.023374008237300015,0.20000000000000076,0.18821327579404784],[-0.023055346250902026,0.20000000000000076,0.1877696352641719],[-0.022800694571204854,0.20000000000000076,0.18741510974516776],[-0.02259732061422364,0.20000000000000076,0.18713197296108514],[-0.022435055682109333,0.20000000000000076,0.1869060680727199],[-0.022305786528256207,0.20000000000000076,0.18672609983565386],[-0.02220304969497161,0.20000000000000076,0.18658306983803363],[-0.022121708340591316,0.20000000000000076,0.18646982657997827],[-0.022057695397396302,0.20000000000000076,0.18638070789858496],[-0.022007810218226825,0.20000000000000076,0.18631125785978409],[-0.021969558544124405,0.20000000000000076,0.18625800396163555],[-0.02194102779138393,0.20000000000000076,0.18621828350923197],[-0.021920791422368368,0.20000000000000076,0.18619011047995318],[-0.021907837618626944,0.20000000000000076,0.1861720762223352],[-0.02190151868997259,0.20000000000000076,0.18616327902349716]]"
